id,points,inhabitants,_100k_inhabitants
0110,10,124547,1.24547
0130,2,78770,0.7877
0140,1,103158,1.03158
0210,2,40981,0.40981
0320,1,49064,0.49064
0370,1,60900,0.609
0430,2,109983,1.09983
0450,1,118483,1.18483
0610,2,76247,0.76247
0640,7,69372,0.69372
0810,1,162548,1.62548
0910,1,66246,0.66246
0920,4,75507,0.75507
1130,1,79321,0.79321
1220,1,59919,0.59919
