id,points,inhabitants,_100k_inhabitants
0110,5,124547,1.24547
0130,4,78770,0.7877
0140,2,103158,1.03158
0210,1,40981,0.40981
0220,1,64657,0.64657
0360,3,108982,1.08982
0370,1,60900,0.609
0610,1,76247,0.76247
0710,1,50344,0.50344
0720,4,52923,0.52923
0810,5,162548,1.62548
