id,points,inhabitants,_100k_inhabitants
01100310,1,10181,0.10181
01200623,1,10990,0.1099
01200628,1,3281,0.03281
02100102,1,8660,0.0866
02300314,1,7085,0.07085
02400623,1,14037,0.14037
02400624,1,11887,0.11887
02500836,1,5137,0.05137
03601450,1,5449,0.05449
04200203,1,1456,0.01456
04501042,1,3664,0.03664
05100317,1,4458,0.04458
06200315,1,6890,0.0689
07400823,1,9690,0.0969
08100206,1,9350,0.0935
09100101,1,13453,0.13453
11300826,1,10508,0.10508
12200515,1,11322,0.11322
12400618,1,3789,0.03789
