id,points,inhabitants,_100k_inhabitants
01100102,1,2034,0.02034
01300835,1,10821,0.10821
08200726,1,6109,0.06109
