id,points,inhabitants,_100k_inhabitants
011002,9,13637,0.13637
011003,1,62233,0.62233
013008,2,40026,0.40026
014010,1,56616,0.56616
021001,2,40981,0.40981
032002,1,30231,0.30231
037015,1,27309,0.27309
043006,2,50836,0.50836
045010,1,40669,0.40669
061001,2,22146,0.22146
064008,7,42708,0.42708
081004,1,38919,0.38919
091004,1,21636,0.21636
092005,2,25664,0.25664
092007,2,22417,0.22417
113007,1,34329,0.34329
122005,1,11322,0.11322
