id,points,inhabitants,_100k_inhabitants
011001,1,16293,0.16293
013008,1,40026,0.40026
082007,1,23196,0.23196
