id,points,inhabitants,_100k_inhabitants
0110,4,124547,1.24547
0210,1,40981,0.40981
0220,6,64657,0.64657
0230,8,45780,0.4578
0340,1,95353,0.95353
0360,6,108982,1.08982
0370,1,60900,0.609
0420,1,41112,0.41112
0510,1,113812,1.13812
0530,2,33446,0.33446
0710,1,50344,0.50344
0720,2,52923,0.52923
1030,1,30959,0.30959
1140,1,80743,0.80743
