id,points,inhabitants,_100k_inhabitants
01401048,1,9520,0.0952
02300314,1,7085,0.07085
03701554,1,11453,0.11453
07501030,1,8753,0.08753
11501238,1,4899,0.04899
