id,points,inhabitants,_100k_inhabitants
01,3,397004,3.97004
02,1,292624,2.92624
03,1,427276,4.27276
06,1,310044,3.10044
10,2,294091,2.94091
