id,points,inhabitants,_100k_inhabitants
0350,1,57552,0.57552
0710,1,50344,0.50344
0810,1,162548,1.62548
