id,points,inhabitants,_100k_inhabitants
01,11,397004,3.97004
02,2,292624,2.92624
03,4,427276,4.27276
06,1,310044,3.10044
07,5,356959,3.56959
08,5,329488,3.29488
