id,points,inhabitants,_100k_inhabitants
0110,1,124547,1.24547
0120,2,90529,0.90529
0130,1,78770,0.7877
0220,2,64657,0.64657
0240,2,53262,0.53262
0310,1,17674,0.17674
0330,1,37751,0.37751
0350,1,57552,0.57552
0430,1,109983,1.09983
0450,2,118483,1.18483
0510,1,113812,1.13812
0640,1,69372,0.69372
0750,1,53764,0.53764
0810,1,162548,1.62548
0950,1,56161,0.56161
1030,1,30959,0.30959
1150,2,36822,0.36822
1210,1,57082,0.57082
1220,1,59919,0.59919
