id,points,inhabitants,_100k_inhabitants
03500933,1,7686,0.07686
07100101,1,9794,0.09794
08100206,1,9350,0.0935
