id,points,inhabitants,_100k_inhabitants
0110,1,124547,1.24547
0120,2,90529,0.90529
0210,1,40981,0.40981
0230,1,45780,0.4578
0240,2,53262,0.53262
0250,1,87944,0.87944
0360,1,108982,1.08982
0420,1,41112,0.41112
0450,1,118483,1.18483
0510,1,113812,1.13812
0620,1,80672,0.80672
0740,1,67378,0.67378
0810,1,162548,1.62548
0910,1,66246,0.66246
1130,1,79321,0.79321
1220,1,59919,0.59919
1240,1,57310,0.5731
