id,points,inhabitants,_100k_inhabitants
011003,3,62233,0.62233
011004,1,32384,0.32384
021001,1,40981,0.40981
022002,6,64657,0.64657
023003,6,19454,0.19454
023004,2,26326,0.26326
034008,1,37120,0.3712
036011,3,27973,0.27973
036012,1,28115,0.28115
036013,2,22853,0.22853
037016,1,33591,0.33591
042003,1,27965,0.27965
051003,1,41028,0.41028
053007,2,20008,0.20008
071002,1,23957,0.23957
072003,1,21247,0.21247
072004,1,31676,0.31676
103007,1,30959,0.30959
114009,1,35831,0.35831
