id,points,inhabitants,_100k_inhabitants
03,1,427276,4.27276
07,1,356959,3.56959
08,1,329488,3.29488
