id,points,inhabitants,_100k_inhabitants
01,1,397004,3.97004
02,1,292624,2.92624
03,1,427276,4.27276
07,1,356959,3.56959
11,1,315548,3.15548
