id,points,inhabitants,_100k_inhabitants
011003,1,62233,0.62233
012006,2,43624,0.43624
021001,1,40981,0.40981
023003,1,19454,0.19454
024006,2,27252,0.27252
025008,1,56770,0.5677
036014,1,30041,0.30041
042002,1,13147,0.13147
045010,1,40669,0.40669
051003,1,41028,0.41028
062003,1,44698,0.44698
074008,1,32691,0.32691
081002,1,37581,0.37581
091001,1,13453,0.13453
113008,1,10508,0.10508
122005,1,11322,0.11322
124006,1,24332,0.24332
