id,points,inhabitants,_100k_inhabitants
011001,1,16293,0.16293
011003,1,62233,0.62233
012006,1,43624,0.43624
024006,1,27252,0.27252
037015,1,27309,0.27309
062004,1,35974,0.35974
101003,2,42246,0.42246
