id,points,inhabitants,_100k_inhabitants
01,2,397004,3.97004
08,1,329488,3.29488
