id,points,inhabitants,_100k_inhabitants
01100102,1,2034,0.02034
01100311,1,9787,0.09787
01200628,1,3281,0.03281
02400623,1,14037,0.14037
03701554,1,11453,0.11453
06200420,1,7403,0.07403
10100316,2,3696,0.03696
