id,points,inhabitants,_100k_inhabitants
0110,1,124547,1.24547
0130,1,78770,0.7877
0820,1,74382,0.74382
