id,points,inhabitants,_100k_inhabitants
014010,1,56616,0.56616
023003,1,19454,0.19454
037015,1,27309,0.27309
075010,1,32705,0.32705
115012,1,4899,0.04899
