id,points,inhabitants,_100k_inhabitants
01,101,397004,3.97004
02,55,292624,2.92624
03,210,427276,4.27276
09,222,297236,2.97236
10,146,294091,2.94091
11,161,315548,3.15548
