id,points,inhabitants,_100k_inhabitants
0110,2,124547,1.24547
0120,1,90529,0.90529
0240,1,53262,0.53262
0370,1,60900,0.609
0620,1,80672,0.80672
1010,2,119584,1.19584
