id,points,inhabitants,_100k_inhabitants
0140,1,103158,1.03158
0230,1,45780,0.4578
0370,1,60900,0.609
0750,1,53764,0.53764
1150,1,36822,0.36822
