id,points,inhabitants,_100k_inhabitants
035009,1,41559,0.41559
071001,1,26387,0.26387
081002,1,37581,0.37581
