id,points,inhabitants,_100k_inhabitants
011002,2,13637,0.13637
011003,3,62233,0.62233
013007,2,38744,0.38744
013008,2,40026,0.40026
014010,2,56616,0.56616
021001,1,40981,0.40981
022002,1,64657,0.64657
036012,1,28115,0.28115
036013,2,22853,0.22853
037015,1,27309,0.27309
061001,1,22146,0.22146
071002,1,23957,0.23957
072004,4,31676,0.31676
081001,1,33049,0.33049
081002,1,37581,0.37581
081003,1,37805,0.37805
081004,2,38919,0.38919
